quad,line_symbol,pair,contact_class,interpreted_meaning
Alcorn,Mbna,Mb|Msla,VERIFIED,"Base of Renfro Member (Mbr) on top of Nada Member (Mbna). GQ-963 maps Renfro separately; KGS digital compilation merged Renfro into the Slade Formation polygon (Msla), so this line is the mapped Nada/Renfro contact."
Berea,Mbna,Mb|Msla,VERIFIED,"Base of Renfro Member (Mbr) on top of Nada Member (Mbna), GQ-649. Glauconitic clayey siltstone seam (to 0.2 ft) marks top of Nada."
Bighill,Mbna,Mb|Msla,VERIFIED,"Base of Renfro Member (Mbr) on top of Nada Member (Mbna), GQ-900."
Panola,Mbnc,Mb|Msla,VERIFIED,"Base of Renfro Member (Mbr) on top of combined Nada and Cowbell Members (Mbnc), GQ-686. Upper edge of Mbnc is the top of the Nada."
Johnetta,Mbna,Mb|Mbr,VERIFIED,"Base of Renfro Member (Mbr) on Nada Member (Mbna), GQ-685."
Johnetta,Mbw,Mb|Mbr,PROBABLE,"Base of Renfro Member on Wildie Member (Mbw). Wildie is the upper-Nada lithosome renamed south of the arbitrary Berea-quadrangle cutoff (Weir and others 1966)."
Wildie,Mbw,Mb|Mbr,PROBABLE,"Base of Renfro Member on Wildie Member (Mbw), GQ-684; upper-Nada stratigraphic equivalent."
Irvine,Mbna,Mb|Msla,VERIFIED_COMBINED,"Top of mapped Renfro+Nada unit (Mbrn), GQ-1285. The Nada/Renfro contact itself is not drawn; it lies one Renfro thickness below this line (Renfro thickest NE, thinnest near Wagersville)."
Stanton,Mbna,Mb|Msla,VERIFIED_COMBINED,"Top of mapped Renfro+Nada unit (Mbrn), GQ-1182. Renfro commonly about 5 ft thick, so the target contact lies a few feet below this line."
Slade,Mbna,Mb|Msla,VERIFIED_COMBINED,"Top of mapped Renfro+Nada unit (Mbrn), GQ-1183 (Nada type locality). Renfro commonly about 10 ft thick."
Pomeroyton,Mbna,Mb|Msla,VERIFIED_COMBINED,"Top of mapped Renfro+Nada unit (Mbrn), GQ-1184. Renfro commonly about 10 ft thick."
Heidelberg,Mbna,Mb|Msla,VERIFIED_COMBINED,"Top of mapped Renfro+Nada unit (Mbrn), GQ-1340."
Cobhill,Mbna,Mb|Msla,VERIFIED_COMBINED,"Top of mapped Renfro+Nada unit (Mbrn), GQ-1347."
Leighton,Mbna,Mb|Msla,VERIFIED_COMBINED,"Top of mapped Renfro+Nada unit (Mbrn), GQ-1495. Nada: greenish and grayish-red shale with mid-unit glauconitic seam and silty dolomite beds near top."
Levee,Mbna,Mb|Msla,VERIFIED,"Base of Renfro Member (Mbr) on Nada Member (Mbna); GQ-1478 maps Renfro and Nada separately (Renfro merged into Msla polygon in KGS digital data)."
Frenchburg,Mbna,Mb|Msla,VERIFIED_COMBINED,"Top of mapped Renfro+Nada unit (Mbrn), GQ-1390. Target contact lies one Renfro thickness below this line."
Means,Mbna,Mb|Msla,VERIFIED_COMBINED,"Top of mapped Renfro+Nada unit (Mbrn), GQ-1324. Target contact lies one Renfro thickness below this line."
Scranton,Mbna,Mb|Msla,VERIFIED_COMBINED,"Top of mapped Renfro+Nada unit (Mbrn), GQ-1488. Target contact lies one Renfro thickness below this line."
Clay City,Mb,Mb|Msla,VERIFIED,"Base of Renfro Member (Mbr) on Nada Member (Mbna); GQ-663 legend maps Mbr, Mbna and Mbc separately. The KGS digital line carries the generic symbol Mb because Renfro was merged into the Slade polygon."
Zachariah,Mbna,Mb|Msla,VERIFIED_COMBINED,"Top of mapped Renfro+Nada unit (Mbrn), GQ-1452. Target contact lies one Renfro thickness below this line."
