quadrangle,gq,authors,year,nomenclature,target_unit_symbol,unit_below,unit_above,classification,equivalence_notes,upper_lower_edge,verification_method,crossings_total,crossings_valid,ranked_top120,citation_url
Alcorn,GQ-963,Charles L. Rice,1972,"Borden Fm members Nancy, Cowbell, Nada, Renfro (Renfro kept in Borden); Newman Ls above",Mbna (line) / Mbna|Mbr on GQ,Nada Member (Mbna),Renfro Member (Mbr) of Borden Fm,VERIFIED TARGET CONTACT,Direct: Nada mapped under Renfro,Upper edge of Mbna = base of Renfro = TARGET,Legend OCR: separate Mbr and Mbna,319,319,19,https://pubs.usgs.gov/publication/gq963
Berea,GQ-649,Gordon Whitney Weir,1967,"Borden: Nancy, Cowbell, Nada, Renfro",Mbna,Nada Member (Mbna),Renfro Member (Mbr) of Borden Fm,VERIFIED TARGET CONTACT,Direct; glauconitic seam marks Nada top; Nada+underlying unit become Wildie south of quad,Upper edge of Mbna = base of Renfro,Legend OCR,62,62,6,https://pubs.usgs.gov/publication/gq649
Bighill,GQ-900,"Gordon Whitney Weir, K. Y. Lee, and P.E. Cassity",1971,"Borden: Nancy, Cowbell, Nada, Renfro",Mbna,Nada Member (Mbna),Renfro Member (Mbr) of Borden Fm,VERIFIED TARGET CONTACT,Direct,Upper edge of Mbna = base of Renfro,Legend OCR; KSPG Stop 6B in quad,279,278,19,https://pubs.usgs.gov/publication/gq900
Panola,GQ-686,Robert C. Greene,1968,"Borden: Nancy, Nada+Cowbell undivided (Mbnc), Renfro",Mbnc,Nada and Cowbell Members undivided (Mbnc),Renfro Member (Mbr) of Borden Fm,VERIFIED TARGET CONTACT,Direct: upper edge of Mbnc is Nada top,Upper edge = base of Renfro; lower edge (Cowbell base) NOT target,Legend OCR; Renfro legend: quartz-filled geodes common near base,38,38,6,https://pubs.usgs.gov/publication/gq686
Johnetta,GQ-685,James Louis Gualtieri,1968,"Borden: Nancy, Cowbell, Nada, Wildie, Halls Gap, Renfro (transition quad)",Mbna and Mbw,Nada (Mbna) or Wildie (Mbw),Renfro Member (Mbr) of Borden Fm,VERIFIED (Mbna) / PROBABLE (Mbw),Nada top marked by glauconitic clay with phosphatic nodules; Nada laterally equivalent to Wildie + Halls Gap + upper Nancy,Upper edge of Mbna or Mbw = base of Renfro,Legend OCR,141,137,2,https://pubs.usgs.gov/publication/gq685
Clay City,GQ-663,George Clarke Simmons,1967,"Borden: Cowbell (Mbc), Nada (Mbna), Renfro (Mbr)",Mb (generic digital code),Nada Member (Mbna),Renfro Member (Mbr) of Borden Fm,VERIFIED TARGET CONTACT,Direct; digital line coded Mb because Renfro merged into Msla polygon,Upper edge of Borden polygon = base of Renfro,Explanation box OCR (300 dpi crop),113,113,3,https://pubs.usgs.gov/publication/gq663
Levee,GQ-1478,Robert C. McDowell,1978,"Borden: Cowbell, Nada (Mbna), Renfro (Mbr)",Mbna,Nada Member (Mbna),Renfro Member (Mbr) of Borden Fm,VERIFIED TARGET CONTACT,Direct,Upper edge of Mbna = base of Renfro,Legend OCR,4,2,0,https://pubs.usgs.gov/publication/gq1478
Irvine,GQ-1285,"Harry P. Hoge, Perry Braswell Wigley, and Fred R. Shawe",1976,"Borden: Nancy, Cowbell, Renfro+Nada undivided (Mbrn)",Mbrn (digital line Mbna),Renfro and Nada Members undivided (Mbrn),St. Louis Ls Mbr of Newman (in Msla),VERIFIED TARGET CONTACT (combined-unit top),Combined: target lies one Renfro thickness below line,Upper edge of Mbrn = base of St. Louis (NOT exact target); target inside unit near top,Legend OCR,379,379,18,https://pubs.usgs.gov/publication/gq1285
Stanton,GQ-1182,Gordon Whitney Weir,1974,Borden: ... Mbrn,Mbrn,Mbrn,St. Louis Ls (Msla),VERIFIED TARGET CONTACT (combined-unit top),Renfro commonly ~5 ft: target within ~1.5 m of line,as Irvine,Legend OCR,431,431,6,https://pubs.usgs.gov/publication/gq1182
Slade,GQ-1183,Gordon Whitney Weir,1974,Borden: ... Mbrn (Nada type area),Mbrn,Mbrn,St. Louis Ls (Msla),VERIFIED TARGET CONTACT (combined-unit top),Renfro ~10 ft: target ~3 m below line,as Irvine,Legend OCR,642,638,4,https://pubs.usgs.gov/publication/gq1183
Pomeroyton,GQ-1184,Gordon Whitney Weir and Paul W. Richards,1974,Borden: ... Mbrn,Mbrn,Mbrn,St. Louis Ls (Msla),VERIFIED TARGET CONTACT (combined-unit top),Renfro ~10 ft,as Irvine,Legend OCR,138,119,0,https://pubs.usgs.gov/publication/gq1184
Heidelberg,GQ-1340,Douglas F. B. Black,1977,Borden: ... Mbrn,Mbrn,Mbrn,Newman/Slade (Msla),VERIFIED TARGET CONTACT (combined-unit top),Combined,as Irvine,Legend OCR,149,149,3,https://pubs.usgs.gov/publication/gq1340
Cobhill,GQ-1347,Donald C. Haney,1976,Borden: ... Mbrn,Mbrn,Mbrn,Newman/Slade (Msla),VERIFIED TARGET CONTACT (combined-unit top),Combined,as Irvine,Legend OCR,480,480,10,https://pubs.usgs.gov/publication/gq1347
Leighton,GQ-1495,Donald C. Haney and Charles L. Rice,1978,"Borden: Nancy, Cowbell, Mbrn",Mbrn,Mbrn,Newman/Slade (Msla),VERIFIED TARGET CONTACT (combined-unit top),"Combined; Nada = green & grayish-red shale, mid-unit glauconitic seam, silty dolomite near top",as Irvine,Explanation box OCR (300 dpi crop),552,552,18,https://pubs.usgs.gov/publication/gq1495
Frenchburg,GQ-1390,Harry P. Hoge,1977,Borden: ... Mbrn,Mbrn,Mbrn,Newman/Slade (Msla),VERIFIED TARGET CONTACT (combined-unit top),Combined,as Irvine,Legend OCR,697,697,1,https://pubs.usgs.gov/publication/gq1390
Means,GQ-1324,Gordon Whitney Weir,1976,Borden: ... Mbrn,Mbrn,Mbrn,Newman/Slade (Msla),VERIFIED TARGET CONTACT (combined-unit top),Combined,as Irvine,Legend OCR,146,146,1,https://pubs.usgs.gov/publication/gq1324
Scranton,GQ-1488,Donald C. Haney and Norman C. Hester,1978,Borden: ... Mbrn,Mbrn,Mbrn,Newman/Slade (Msla),VERIFIED TARGET CONTACT (combined-unit top),Combined,as Irvine,Legend OCR,370,370,0,https://pubs.usgs.gov/publication/gq1488
Zachariah,GQ-1452,Douglas F. B. Black,1978,Borden: ... Mbrn,Mbrn,Mbrn,Newman/Slade (Msla),VERIFIED TARGET CONTACT (combined-unit top),Combined,as Irvine,Legend OCR,15,15,0,https://pubs.usgs.gov/publication/gq1452
Wildie,GQ-684,James Louis Gualtieri,1968,"Borden: Nancy, Halls Gap (Mbh), Wildie (Mbw), Renfro (Mbr); Mbrw undivided locally",Mbw,Wildie Member (Mbw),Renfro Member (Mbr) of Borden Fm (siliceous geodes in basal part),PROBABLE STRATIGRAPHIC EQUIVALENT,Wildie + Halls Gap merge northward to form the Nada (Weir and others 1966); Wildie top carries a glauconitic siltstone like the Nada top,Upper edge of Mbw = base of Renfro; Mbh lines (Wildie absent/unmapped) AMBIGUOUS,Legend OCR,725,496,4,https://pubs.usgs.gov/publication/gq684
Brodhead,GQ-662,James Louis Gualtieri,1967,Borden: Halls Gap under Renfro,Mbh,Halls Gap Member (Mbh),Renfro Member (Mbr) of Borden Fm,AMBIGUOUS,Wildie (upper-Nada equivalent) absent or not mapped; target may be missing,Not used,Digital attributes + regional stratigraphy (Weir and others 1966),307,0,0,https://pubs.usgs.gov/publication/gq662
Crab Orchard,GQ-571,James Louis Gualtieri,1967,Borden: Halls Gap under Renfro,Mbh,Halls Gap (Mbh),Renfro Member (Mbr) of Borden Fm,AMBIGUOUS,as Brodhead,Not used,Digital attributes,182,0,0,https://pubs.usgs.gov/publication/gq571
Maretburg,GQ-338,Seymour O. Schlanger,1965,Borden: Halls Gap under Renfro,Mbh,Halls Gap (Mbh),Renfro Member (Mbr) of Borden Fm,AMBIGUOUS,as Brodhead,Not used,Digital attributes,379,0,0,https://pubs.usgs.gov/publication/gq338
Mount Vernon,GQ-902,Seymour O. Schlanger and Gordon Whitney Weir,1971,Borden: Halls Gap under Renfro,Mbh,Halls Gap (Mbh),Renfro Member (Mbr) of Borden Fm,AMBIGUOUS,as Brodhead,Not used,Digital attributes,87,0,0,https://pubs.usgs.gov/publication/gq902
Woodstock,GQ-776,Gordon Whitney Weir and Seymour O. Schlanger,1969,Borden: Halls Gap under lower Renfro (Mbrl),Mbh,Halls Gap (Mbh),Renfro lower part (Mbrl),AMBIGUOUS,as Brodhead,Not used,Digital attributes,357,0,0,https://pubs.usgs.gov/publication/gq776
Shopville,GQ-282,Norman L. Hatch Jr.,1964,Borden member Mbl under Renfro,Mbl,Borden member Mbl,Renfro (Mbr),AMBIGUOUS,Not equated with Nada in material reviewed,Not used,Digital attributes,148,0,0,https://pubs.usgs.gov/publication/gq282
Bobtown,GQ-1102,"Richard Wheatley Lewis Jr., Alfred R. Taylor, and Gordon Whitney Weir",1973,Muldraugh Member (Mbm) under Salem-Warsaw,Mbm,Muldraugh Member (Mbm),Salem and Warsaw (Msw),NOT TARGET GEOLOGY,Muldraugh carbonate/chert (quartz geodes of a different interval),Not used,Digital attributes,195,0,0,https://pubs.usgs.gov/publication/gq1102
Ezel,GQ-721,"G. N. Pipiringos, S.C. Bergman, and Virgil A. Trent",1968,Pennington+Newman over Borden undivided,Mbna (digital),Borden Fm undivided,Newman Ls,AMBIGUOUS,Column lists Renfro (0-14 ft) and Nada but map explanation shows Borden undivided; Renfro assignment on the line not confirmed,Not used,Legend OCR (partial),65,0,0,https://pubs.usgs.gov/publication/gq721
Sandgap,GQ-1100,James Louis Gualtieri,1973,Only Renfro/upper units exposed,-,-,-,NOT TARGET GEOLOGY,No Nada/Renfro contact line on the digital map,-,Digital attributes,0,0,0,https://pubs.usgs.gov/publication/gq1100
McKee,GQ-1125,Gordon Whitney Weir and M.D. Mumma,1973,Only Renfro/upper units exposed,-,-,-,NOT TARGET GEOLOGY,No Nada/Renfro contact line,-,Digital attributes,0,0,0,https://pubs.usgs.gov/publication/gq1125
